year,month,month_code,district,total_snap_persons,total_snap_households,total_snap_benefits,temporary_assistance_snap_persons,non_temporary_assistance_snap_persons
2025,January,1,New York City,1801636,1081001,423861133,811224,990412
2025,January,1,Yates,2101,1281,360750,430,1671
2025,January,1,Wyoming,2570,1576,423286,557,2013
2025,January,1,Westchester,74181,45471,15587852,17004,57177
2025,January,1,Wayne,8606,5112,1551906,1680,6926
2025,January,1,Washington,6944,4091,1222424,1348,5596
2025,January,1,Warren,6947,4266,1272495,1161,5786
2025,January,1,Ulster,17521,10988,3556417,3538,13983
2025,January,1,Tompkins,7737,4799,1508409,1708,6029
2025,January,1,Tioga,5350,2897,881888,815,4535
2025,January,1,Sullivan,13110,6549,2679440,2113,10997
2025,January,1,Suffolk,130456,81477,28667217,20906,109550
2025,January,1,Steuben,12283,6818,2142272,2526,9757
2025,January,1,Seneca,3593,2086,626937,740,2853
2025,January,1,Schuyler,1937,1167,333907,305,1632
2025,January,1,Schoharie,3805,2242,680418,526,3279
2025,January,1,Schenectady,21073,11601,4254091,5191,15882
2025,January,1,Saratoga,14575,8987,2669983,1999,12576
2025,January,1,St. Lawrence,13860,7972,2536625,3095,10765
2025,January,1,Rockland,53004,18725,10286808,3869,49135
2025,January,1,Albany,32544,18531,6508755,7670,24874
2025,January,1,Rensselaer,15892,8568,3034139,3586,12306
2025,January,1,Putnam,2885,1960,597084,559,2326
2025,January,1,Otsego,6634,3878,1194318,994,5640
2025,January,1,Oswego,17156,9384,3166664,3388,13768
2025,January,1,Orleans,5292,3117,932774,1318,3974
2025,January,1,Orange,45530,19527,8594551,6345,39185
2025,January,1,Ontario,9405,5701,1740508,2156,7249
2025,January,1,Onondaga,66884,37186,13166244,18099,48785
2025,January,1,Oneida,34917,18714,7200947,8276,26641
2025,January,1,Niagara,27303,16298,5252833,5349,21954
2025,January,1,Nassau,44106,31619,8661574,14323,29783
2025,January,1,Montgomery,8430,4588,1557023,1692,6738
2025,January,1,Monroe,108714,63237,22358035,28448,80266
2025,January,1,Madison,6295,3668,1141722,987,5308
2025,January,1,Livingston,5537,3302,1009467,1200,4337
2025,January,1,Lewis,2925,1659,468666,429,2496
2025,January,1,Jefferson,14507,8204,2687271,2547,11960
2025,January,1,Herkimer,9085,5262,1659171,1304,7781
2025,January,1,Hamilton,373,212,64089,49,324
2025,January,1,Greene,3876,2524,782515,878,2998
2025,January,1,Genesee,4864,2990,854770,874,3990
2025,January,1,Fulton,8095,4953,1535489,1783,6312
2025,January,1,Franklin,6681,4059,1255498,1720,4961
2025,January,1,Essex,3030,1895,526919,558,2472
2025,January,1,Erie,142028,78828,28295909,32480,109548
2025,January,1,Dutchess,17152,11073,3413741,3641,13511
2025,January,1,Delaware,4684,2754,822915,775,3909
2025,January,1,Cortland,5649,3338,1056098,1112,4537
2025,January,1,Columbia,5160,3319,978689,1210,3950
2025,January,1,Clinton,11833,7387,2232539,2859,8974
2025,January,1,Chenango,6838,4008,1180196,1188,5650
2025,January,1,Chemung,14461,8207,2818947,2844,11617
2025,January,1,Chautauqua,23653,13346,4485327,6010,17643
2025,January,1,Cayuga,8977,5145,1649132,2044,6933
2025,January,1,Cattaraugus,10630,6025,1874855,2444,8186
2025,January,1,Broome,26276,15313,5071458,6999,19277
2025,January,1,Allegany,5319,3104,918135,1083,4236
2025,October,10,New York City,1757799,1059045,418406627,817305,940494
2025,October,10,Yates,1921,1219,340066,371,1550
2025,October,10,Wyoming,2484,1523,425951,511,1973
2025,October,10,Westchester,71588,44528,15334668,16861,54727
2025,October,10,Wayne,7983,4935,1485036,1574,6409
2025,October,10,Washington,6541,3910,1199366,1124,5417
2025,October,10,Warren,6490,4095,1238355,1166,5324
2025,October,10,Ulster,16451,10529,3453982,3564,12887
2025,October,10,Tompkins,7433,4707,1518711,1654,5779
2025,October,10,Tioga,4968,2757,836859,784,4184
2025,October,10,Sullivan,12591,6374,2609074,2178,10413
2025,October,10,Suffolk,121119,77038,26988950,20616,100503
2025,October,10,Steuben,11728,6666,2114877,2682,9046
2025,October,10,Seneca,3402,1992,625162,780,2622
2025,October,10,Schuyler,1699,1074,306516,285,1414
2025,October,10,Schoharie,3635,2172,675940,544,3091
2025,October,10,Schenectady,21858,11900,4495823,4953,16905
2025,October,10,Saratoga,13970,8794,2685986,2070,11900
2025,October,10,St. Lawrence,13064,7714,2509210,3031,10033
2025,October,10,Rockland,53300,18582,10497316,3890,49410
2025,October,10,Rensselaer,15743,8568,3128848,3406,12337
2025,October,10,Putnam,2845,1981,590355,549,2296
2025,October,10,Otsego,6429,3819,1217035,933,5496
2025,October,10,Oswego,16536,9186,3144538,3267,13269
2025,October,10,Orleans,4934,2979,904961,1215,3719
2025,October,10,Orange,44712,19155,8670850,6404,38308
2025,October,10,Ontario,8988,5638,1759808,2123,6865
2025,October,10,Onondaga,64067,35983,12992023,17373,46694
2025,October,10,Oneida,35317,19381,7045912,8401,26916
2025,October,10,Niagara,26444,15936,5233180,5470,20974
2025,October,10,Nassau,42564,30929,8604701,13989,28575
2025,October,10,Montgomery,8022,4389,1535740,1659,6363
2025,October,10,Monroe,104095,61219,21960863,27295,76800
2025,October,10,Madison,6155,3656,1152830,972,5183
2025,October,10,Livingston,4971,3091,934278,1143,3828
2025,October,10,Lewis,2631,1563,436073,409,2222
2025,October,10,Jefferson,13638,7845,2639217,2496,11142
2025,October,10,Herkimer,8761,5140,1634256,1288,7473
2025,October,10,Hamilton,323,194,53224,50,273
2025,October,10,Greene,3834,2493,780465,886,2948
2025,October,10,Genesee,4590,2867,830544,846,3744
2025,October,10,Fulton,7848,4844,1535889,1784,6064
2025,October,10,Franklin,6437,3929,1241623,1661,4776
2025,October,10,Essex,2923,1855,528194,587,2336
2025,October,10,Erie,139065,77532,28379042,33642,105423
2025,October,10,Dutchess,16927,11123,3432669,3665,13262
2025,October,10,Delaware,4525,2720,828590,744,3781
2025,October,10,Cortland,5407,3261,1057986,1068,4339
2025,October,10,Columbia,4919,3222,961543,1179,3740
2025,October,10,Clinton,11485,7265,2232649,2867,8618
2025,October,10,Chenango,6456,3816,1169610,1150,5306
2025,October,10,Chemung,13873,7957,2793448,2658,11215
2025,October,10,Chautauqua,23167,13171,4529377,6287,16880
2025,October,10,Cayuga,8303,4859,1546839,1894,6409
2025,October,10,Cattaraugus,10173,5919,1868579,2438,7735
2025,October,10,Broome,26398,15444,5270389,7045,19353
2025,October,10,Allegany,5132,3055,934310,1064,4068
2025,October,10,Albany,31064,17961,6363973,7582,23482
2025,November,11,Albany,30175,17494,6180587,7370,22805
2025,November,11,Allegany,4998,2975,900121,1062,3936
2025,November,11,Broome,25786,15102,5064955,6874,18912
2025,November,11,Cattaraugus,10007,5800,1814684,2413,7594
2025,November,11,Cayuga,8042,4774,1491965,1873,6169
2025,November,11,Chautauqua,22562,12845,4377984,6198,16364
2025,November,11,Chemung,13393,7727,2667775,2552,10841
2025,November,11,Chenango,6434,3798,1161630,1153,5281
2025,November,11,Clinton,11344,7177,2185616,2769,8575
2025,November,11,Columbia,4846,3173,933865,1152,3694
2025,November,11,Cortland,5302,3204,1023854,1074,4228
2025,November,11,Delaware,4436,2679,797807,736,3700
2025,November,11,Dutchess,16634,10936,3334454,3651,12983
2025,November,11,Erie,136061,75870,27493193,33093,102968
2025,November,11,Essex,2829,1802,511295,572,2257
2025,November,11,Franklin,6323,3878,1204640,1626,4697
2025,November,11,Fulton,7639,4734,1483981,1697,5942
2025,November,11,Genesee,4482,2815,808692,840,3642
2025,November,11,Greene,3712,2427,753218,879,2833
2025,November,11,Hamilton,305,189,50680,48,257
2025,November,11,Herkimer,8540,5012,1576077,1238,7302
2025,November,11,Jefferson,13349,7684,2565148,2445,10904
2025,November,11,Lewis,2562,1525,424048,401,2161
2025,November,11,Livingston,4833,3009,899596,1125,3708
2025,November,11,Madison,5970,3565,1119320,968,5002
2025,November,11,Monroe,101544,59914,21234793,26703,74841
2025,November,11,Montgomery,7746,4270,1472306,1654,6092
2025,November,11,Nassau,41813,30508,8412243,13801,28012
2025,November,11,Niagara,25762,15562,5024865,5394,20368
2025,November,11,Oneida,34473,18904,6845475,8382,26091
2025,November,11,Onondaga,62360,35112,12554867,17052,45308
2025,November,11,Ontario,8819,5529,1695335,2055,6764
2025,November,11,Orange,43929,18776,8403272,6231,37698
2025,November,11,Orleans,4818,2933,885904,1219,3599
2025,November,11,Oswego,16358,9090,3079762,3188,13170
2025,November,11,Otsego,6329,3757,1189311,914,5415
2025,November,11,Putnam,2753,1930,567032,545,2208
2025,November,11,Rensselaer,15248,8291,2991814,3318,11930
2025,November,11,Rockland,51866,18002,10204684,3797,48069
2025,November,11,St. Lawrence,12626,7507,2434930,3009,9617
2025,November,11,Saratoga,13519,8555,2578926,2052,11467
2025,November,11,Schenectady,21249,11577,4329627,4922,16327
2025,November,11,Schoharie,3550,2133,648022,540,3010
2025,November,11,Schuyler,1668,1064,301132,283,1385
2025,November,11,Seneca,3401,1978,617298,767,2634
2025,November,11,Steuben,11402,6513,2037560,2649,8753
2025,November,11,Suffolk,119867,76239,26465481,20213,99654
2025,November,11,Sullivan,11996,6115,2466936,2091,9905
2025,November,11,Tioga,4845,2695,806783,758,4087
2025,November,11,Tompkins,7292,4607,1479438,1632,5660
2025,November,11,Ulster,15840,10192,3291934,3492,12348
2025,November,11,Warren,6366,4010,1201711,1141,5225
2025,November,11,Washington,6473,3880,1178202,1110,5363
2025,November,11,Wayne,7750,4825,1440767,1553,6197
2025,November,11,Westchester,70219,43810,14870506,16549,53670
2025,November,11,Wyoming,2455,1507,417260,493,1962
2025,November,11,Yates,1867,1185,327213,349,1518
2025,November,11,New York City,1749188,1053887,417845579,812978,936210
2025,December,12,Albany,29962,17455,6133958,7397,22565
2025,December,12,Allegany,4949,2956,886861,1040,3909
2025,December,12,Broome,25615,15071,5020175,6900,18715
2025,December,12,Cattaraugus,9955,5808,1805427,2389,7566
2025,December,12,Cayuga,7971,4770,1477228,1881,6090
2025,December,12,Chautauqua,22600,12900,4380541,6279,16321
2025,December,12,Chemung,13313,7691,2627166,2537,10776
2025,December,12,Chenango,6351,3754,1145788,1139,5212
2025,December,12,Clinton,11336,7214,2205278,2792,8544
2025,December,12,Columbia,4831,3193,931577,1150,3681
2025,December,12,Cortland,5305,3200,1034595,1074,4231
2025,December,12,Delaware,4435,2697,794508,735,3700
2025,December,12,Dutchess,16687,10972,3314716,3667,13020
2025,December,12,Erie,134978,75567,27302274,33241,101737
2025,December,12,Essex,2852,1815,519787,567,2285
2025,December,12,Franklin,6312,3871,1196688,1603,4709
2025,December,12,Fulton,7581,4705,1473059,1724,5857
2025,December,12,Genesee,4420,2787,790819,847,3573
2025,December,12,Greene,3751,2438,761897,874,2877
2025,December,12,Hamilton,321,199,54660,52,269
2025,December,12,Herkimer,8510,5007,1571387,1237,7273
2025,December,12,Jefferson,13358,7711,2565934,2479,10879
2025,December,12,Lewis,2636,1554,440396,400,2236
2025,December,12,Livingston,4894,3050,915519,1141,3753
2025,December,12,Madison,5815,3523,1082583,961,4854
2025,December,12,Monroe,101017,59779,21207280,26520,74497
2025,December,12,Montgomery,7756,4279,1482244,1652,6104
2025,December,12,Nassau,41737,30488,8396329,13808,27929
2025,December,12,Niagara,25717,15594,5001396,5429,20288
2025,December,12,Oneida,34480,18978,6891603,8399,26081
2025,December,12,Onondaga,62164,35080,12506005,16905,45259
2025,December,12,Ontario,8940,5631,1727020,2094,6846
2025,December,12,Orange,43762,18669,8318260,6265,37497
2025,December,12,Orleans,4827,2959,893734,1225,3602
2025,December,12,Oswego,16328,9114,3074562,3134,13194
2025,December,12,Otsego,6287,3749,1185389,914,5373
2025,December,12,Putnam,2789,1950,581202,545,2244
2025,December,12,Rensselaer,15244,8318,2986008,3376,11868
2025,December,12,Rockland,51559,17839,10307151,3814,47745
2025,December,12,St. Lawrence,12556,7472,2433848,2973,9583
2025,December,12,Saratoga,13472,8509,2542307,2066,11406
2025,December,12,Schenectady,21318,11616,4330842,5031,16287
2025,December,12,Schoharie,3554,2152,644544,543,3011
2025,December,12,Schuyler,1677,1068,296902,288,1389
2025,December,12,Seneca,3398,1986,612456,736,2662
2025,December,12,Steuben,11376,6513,2012193,2635,8741
2025,December,12,Suffolk,120736,76720,26595597,20290,100446
2025,December,12,Sullivan,12131,6179,2540874,2106,10025
2025,December,12,Tioga,4812,2675,801448,744,4068
2025,December,12,Tompkins,7253,4603,1466722,1612,5641
2025,December,12,Ulster,15763,10136,3288180,3517,12246
2025,December,12,Warren,6419,4042,1201842,1148,5271
2025,December,12,Washington,6466,3896,1171131,1102,5364
2025,December,12,Wayne,7696,4800,1427919,1543,6153
2025,December,12,Westchester,70148,43863,14874723,16587,53561
2025,December,12,Wyoming,2480,1524,418187,496,1984
2025,December,12,Yates,1926,1200,338418,350,1576
2025,December,12,New York City,1735341,1046020,414883345,809156,926185
2025,February,2,Albany,32528,18518,6468325,7548,24980
2025,February,2,Allegany,5335,3122,921755,1069,4266
2025,February,2,Broome,26175,15252,5057703,6894,19281
2025,February,2,Cattaraugus,10616,6016,1863573,2424,8192
2025,February,2,Cayuga,8860,5102,1623959,2032,6828
2025,February,2,Chautauqua,23662,13373,4484888,6120,17542
2025,February,2,Chemung,14482,8204,2823181,2832,11650
2025,February,2,Chenango,6856,4010,1193053,1157,5699
2025,February,2,Clinton,11828,7373,2221823,2831,8997
2025,February,2,Columbia,5213,3341,993937,1228,3985
2025,February,2,Cortland,5696,3363,1062047,1127,4569
2025,February,2,Delaware,4741,2776,832530,780,3961
2025,February,2,Dutchess,16949,10960,3388433,3641,13308
2025,February,2,Erie,141469,78508,28142001,32371,109098
2025,February,2,Essex,3053,1894,533654,555,2498
2025,February,2,Franklin,6709,4068,1263717,1712,4997
2025,February,2,Fulton,8005,4917,1517844,1782,6223
2025,February,2,Genesee,4796,2963,835256,865,3931
2025,February,2,Greene,3882,2499,773237,875,3007
2025,February,2,Hamilton,371,204,60225,46,325
2025,February,2,Herkimer,9116,5270,1650993,1277,7839
2025,February,2,Jefferson,14615,8265,2712870,2550,12065
2025,February,2,Lewis,2992,1682,487253,432,2560
2025,February,2,Livingston,5439,3259,983032,1172,4267
2025,February,2,Madison,6318,3684,1145656,1006,5312
2025,February,2,Monroe,108807,63328,22277672,28444,80363
2025,February,2,Montgomery,8471,4583,1570659,1687,6784
2025,February,2,Nassau,44244,31740,8654399,14320,29924
2025,February,2,Niagara,27121,16233,5182650,5361,21760
2025,February,2,Oneida,35368,18985,7118065,8378,26990
2025,February,2,Onondaga,66670,37051,13102921,17961,48709
2025,February,2,Ontario,9364,5702,1738716,2099,7265
2025,February,2,Orange,45549,19566,8576147,6330,39219
2025,February,2,Orleans,5274,3112,930820,1320,3954
2025,February,2,Oswego,17198,9392,3168920,3355,13843
2025,February,2,Otsego,6788,3925,1224679,984,5804
2025,February,2,Putnam,2923,1987,604195,565,2358
2025,February,2,Rensselaer,15740,8517,2990356,3550,12190
2025,February,2,Rockland,52484,18524,10129424,3838,48646
2025,February,2,St. Lawrence,13777,7952,2518826,3110,10667
2025,February,2,Saratoga,14539,8933,2640607,1993,12546
2025,February,2,Schenectady,20875,11528,4221415,5112,15763
2025,February,2,Schoharie,3853,2256,684875,535,3318
2025,February,2,Schuyler,1921,1170,329903,293,1628
2025,February,2,Seneca,3622,2095,631536,755,2867
2025,February,2,Steuben,12378,6889,2165318,2548,9830
2025,February,2,Suffolk,129723,81133,28397086,20660,109063
2025,February,2,Sullivan,12867,6483,2611505,2108,10759
2025,February,2,Tioga,5322,2878,865865,803,4519
2025,February,2,Tompkins,7700,4774,1500878,1721,5979
2025,February,2,Ulster,17401,10908,3527790,3532,13869
2025,February,2,Warren,6945,4250,1273669,1154,5791
2025,February,2,Washington,6933,4105,1214286,1319,5614
2025,February,2,Wayne,8461,5058,1513713,1673,6788
2025,February,2,Westchester,73925,45322,15407291,17035,56890
2025,February,2,Wyoming,2522,1562,417295,559,1963
2025,February,2,Yates,2083,1275,356596,427,1656
2025,February,2,New York City,1794907,1076153,419297625,812364,982543
2025,March,3,Albany,32365,18519,6435489,7575,24790
2025,March,3,Allegany,5361,3143,926396,1069,4292
2025,March,3,Broome,26464,15404,5148781,7047,19417
2025,March,3,Cattaraugus,10658,6058,1868663,2417,8241
2025,March,3,Cayuga,8842,5083,1622199,1960,6882
2025,March,3,Chautauqua,23800,13438,4486517,6135,17665
2025,March,3,Chemung,14458,8195,2819489,2797,11661
2025,March,3,Chenango,6750,3967,1177132,1160,5590
2025,March,3,Clinton,11933,7451,2253817,2836,9097
2025,March,3,Columbia,5222,3344,992791,1211,4011
2025,March,3,Cortland,5702,3388,1076235,1138,4564
2025,March,3,Delaware,4832,2824,855079,764,4068
2025,March,3,Dutchess,16974,10990,3415310,3642,13332
2025,March,3,Erie,141701,78709,28180707,32691,109010
2025,March,3,Essex,3055,1904,531818,569,2486
2025,March,3,Franklin,6753,4090,1276640,1701,5052
2025,March,3,Fulton,8023,4944,1525762,1767,6256
2025,March,3,Genesee,4899,2998,864553,870,4029
2025,March,3,Greene,3903,2526,803830,879,3024
2025,March,3,Hamilton,366,205,58683,48,318
2025,March,3,Herkimer,9228,5325,1678434,1284,7944
2025,March,3,Jefferson,14658,8271,2704541,2582,12076
2025,March,3,Lewis,2945,1668,478110,431,2514
2025,March,3,Livingston,5448,3267,982602,1164,4284
2025,March,3,Madison,6334,3694,1151131,992,5342
2025,March,3,Monroe,108807,63452,22310673,28413,80394
2025,March,3,Montgomery,8542,4634,1581927,1683,6859
2025,March,3,Nassau,44075,31718,8577617,14343,29732
2025,March,3,Niagara,27302,16313,5238305,5426,21876
2025,March,3,Oneida,36376,19471,7102795,8547,27829
2025,March,3,Onondaga,66543,37042,13079433,18031,48512
2025,March,3,Ontario,9401,5743,1751448,2119,7282
2025,March,3,Orange,45401,19621,8618149,6393,39008
2025,March,3,Orleans,5301,3137,937606,1302,3999
2025,March,3,Oswego,17214,9475,3174331,3320,13894
2025,March,3,Otsego,6821,3970,1216988,982,5839
2025,March,3,Putnam,2940,2010,595070,562,2378
2025,March,3,Rensselaer,15971,8631,3060969,3524,12447
2025,March,3,Rockland,53026,18668,10362309,3831,49195
2025,March,3,St. Lawrence,13772,7971,2533173,3127,10645
2025,March,3,Saratoga,14735,9041,2684565,1997,12738
2025,March,3,Schenectady,21151,11653,4306704,5137,16014
2025,March,3,Schoharie,3919,2281,695867,531,3388
2025,March,3,Schuyler,1923,1175,334717,291,1632
2025,March,3,Seneca,3591,2079,630939,742,2849
2025,March,3,Steuben,12402,6902,2174590,2589,9813
2025,March,3,Suffolk,129261,80944,28298359,20748,108513
2025,March,3,Sullivan,13102,6568,2658532,2100,11002
2025,March,3,Tioga,5370,2887,871724,803,4567
2025,March,3,Tompkins,7731,4806,1516497,1690,6041
2025,March,3,New York City,1796536,1076340,422888682,814900,981636
2025,March,3,Ulster,17475,10971,3545217,3533,13942
2025,March,3,Warren,7019,4309,1290431,1167,5852
2025,March,3,Washington,6938,4112,1226979,1284,5654
2025,March,3,Wayne,8527,5110,1556622,1687,6840
2025,March,3,Westchester,73716,45274,15400301,16895,56821
2025,March,3,Wyoming,2534,1566,419845,559,1975
2025,March,3,Yates,2103,1288,360474,411,1692
2025,April,4,Chenango,6764,3957,1186422,1164,5600
2025,April,4,New York City,1798354,1077663,418661107,816566,981788
2025,April,4,Yates,2070,1263,354409,391,1679
2025,April,4,Wyoming,2498,1557,418047,558,1940
2025,April,4,Westchester,73665,45325,15380322,16968,56697
2025,April,4,Wayne,8380,5062,1507693,1676,6704
2025,April,4,Washington,6896,4099,1222622,1266,5630
2025,April,4,Warren,6968,4289,1282722,1181,5787
2025,April,4,Ulster,17558,11039,3572702,3561,13997
2025,April,4,Tompkins,7677,4793,1505107,1706,5971
2025,April,4,Tioga,5332,2876,862584,822,4510
2025,April,4,Sullivan,13028,6572,2635090,2107,10921
2025,April,4,Suffolk,128157,80400,27978712,20670,107487
2025,April,4,Steuben,12383,6893,2179204,2602,9781
2025,April,4,Seneca,3568,2060,630481,740,2828
2025,April,4,Schuyler,1927,1168,333778,291,1636
2025,April,4,Schoharie,3917,2280,698661,536,3381
2025,April,4,Schenectady,20998,11579,4209118,5088,15910
2025,April,4,Saratoga,14694,9038,2689993,2002,12692
2025,April,4,St. Lawrence,13738,7948,2521807,3092,10646
2025,April,4,Rockland,53311,18724,10304631,3831,49480
2025,April,4,Rensselaer,15862,8624,3022807,3470,12392
2025,April,4,Putnam,2960,2034,603521,566,2394
2025,April,4,Otsego,6774,3956,1210396,965,5809
2025,April,4,Oswego,17190,9445,3160126,3356,13834
2025,April,4,Orleans,5297,3144,934632,1263,4034
2025,April,4,Orange,45578,19673,8617485,6436,39142
2025,April,4,Ontario,9350,5764,1754514,2140,7210
2025,April,4,Onondaga,65903,36835,12954646,17962,47941
2025,April,4,Oneida,36819,19702,7061686,8568,28251
2025,April,4,Niagara,27254,16285,5213185,5454,21800
2025,April,4,Nassau,43726,31558,8530075,14236,29490
2025,April,4,Montgomery,8430,4589,1563754,1678,6752
2025,April,4,Monroe,108288,63219,22092680,28298,79990
2025,April,4,Madison,6327,3687,1148888,1001,5326
2025,April,4,Livingston,5399,3249,973399,1167,4232
2025,April,4,Lewis,2880,1648,466694,439,2441
2025,April,4,Jefferson,14524,8236,2687626,2578,11946
2025,April,4,Herkimer,9188,5303,1653961,1260,7928
2025,April,4,Hamilton,356,204,58447,47,309
2025,April,4,Greene,3937,2548,805366,867,3070
2025,April,4,Genesee,4851,2984,842872,879,3972
2025,April,4,Fulton,7972,4916,1517681,1758,6214
2025,April,4,Franklin,6856,4093,1292521,1704,5152
2025,April,4,Essex,2992,1882,523139,561,2431
2025,April,4,Erie,141177,78420,27921839,32627,108550
2025,April,4,Dutchess,17016,11020,3429373,3651,13365
2025,April,4,Delaware,4831,2835,844903,758,4073
2025,April,4,Cortland,5614,3344,1052366,1119,4495
2025,April,4,Columbia,5204,3336,987602,1210,3994
2025,April,4,Clinton,11868,7441,2239990,2840,9028
2025,April,4,Chemung,14461,8220,2816042,2770,11691
2025,April,4,Chautauqua,23647,13311,4467105,6138,17509
2025,April,4,Cayuga,8790,5085,1601494,1968,6822
2025,April,4,Cattaraugus,10626,6080,1866744,2472,8154
2025,April,4,Broome,26673,15541,5221043,7052,19621
2025,April,4,Allegany,5325,3126,918634,1083,4242
2025,April,4,Albany,32402,18572,6433932,7551,24851
2025,May,5,New York City,1796331,1076052,417301818,817779,978552
2025,May,5,Albany,32298,18525,6421588,7634,24664
2025,May,5,Allegany,5321,3116,920766,1086,4235
2025,May,5,Broome,26747,15558,5141865,7034,19713
2025,May,5,Cattaraugus,10602,6073,1866621,2470,8132
2025,May,5,Cayuga,8748,5056,1596148,1943,6805
2025,May,5,Chautauqua,23504,13251,4445251,6141,17363
2025,May,5,Chemung,14287,8134,2779913,2715,11572
2025,May,5,Chenango,6635,3913,1167656,1156,5479
2025,May,5,Clinton,11828,7407,2238818,2861,8967
2025,May,5,Columbia,5187,3318,980460,1219,3968
2025,May,5,Cortland,5633,3357,1063093,1130,4503
2025,May,5,Delaware,4857,2842,849935,777,4080
2025,May,5,Dutchess,17086,11080,3433463,3693,13393
2025,May,5,Erie,141325,78445,27999079,33004,108321
2025,May,5,Essex,3017,1899,537563,577,2440
2025,May,5,Franklin,6785,4088,1282613,1725,5060
2025,May,5,Fulton,8032,4934,1542988,1796,6236
2025,May,5,Genesee,4826,2962,832456,881,3945
2025,May,5,Greene,3957,2559,786699,877,3080
2025,May,5,Hamilton,353,202,57227,47,306
2025,May,5,Herkimer,9107,5263,1640555,1256,7851
2025,May,5,Jefferson,14458,8243,2689651,2599,11859
2025,May,5,Lewis,2869,1640,467637,430,2439
2025,May,5,Livingston,5300,3208,955101,1156,4144
2025,May,5,Madison,6306,3689,1150004,1003,5303
2025,May,5,Monroe,108048,63045,22048645,28108,79940
2025,May,5,Montgomery,8405,4568,1561604,1690,6715
2025,May,5,Nassau,43762,31625,8546832,14143,29619
2025,May,5,Niagara,27244,16277,5219318,5433,21811
2025,May,5,Oneida,36871,19784,7085585,8568,28303
2025,May,5,Onondaga,65771,36780,12997702,17834,47937
2025,May,5,Ontario,9252,5721,1724962,2083,7169
2025,May,5,Orange,44929,19465,8444311,6411,38518
2025,May,5,Orleans,5274,3129,933167,1233,4041
2025,May,5,Oswego,17134,9441,3151638,3361,13773
2025,May,5,Otsego,6749,3945,1210969,953,5796
2025,May,5,Putnam,2949,2024,597898,555,2394
2025,May,5,Rensselaer,15933,8619,3027647,3435,12498
2025,May,5,Rockland,53377,18738,10284925,3829,49548
2025,May,5,St. Lawrence,13687,7933,2525500,3112,10575
2025,May,5,Saratoga,14673,9039,2689161,2010,12663
2025,May,5,Schenectady,21192,11643,4284357,5066,16126
2025,May,5,Schoharie,3865,2246,695083,533,3332
2025,May,5,Schuyler,1880,1153,324805,288,1592
2025,May,5,Seneca,3539,2058,631722,746,2793
2025,May,5,Steuben,12293,6881,2146089,2563,9730
2025,May,5,Suffolk,127168,79963,27667220,20644,106524
2025,May,5,Sullivan,12968,6544,2604566,2130,10838
2025,May,5,Tioga,5267,2856,855033,817,4450
2025,May,5,Tompkins,7624,4789,1502087,1704,5920
2025,May,5,Ulster,17441,10991,3525819,3534,13907
2025,May,5,Warren,6954,4281,1286702,1210,5744
2025,May,5,Washington,6849,4066,1209582,1248,5601
2025,May,5,Wayne,8338,5045,1492474,1691,6647
2025,May,5,Westchester,73557,45280,15237695,16965,56592
2025,May,5,Wyoming,2469,1549,411983,553,1916
2025,May,5,Yates,2052,1257,353513,388,1664
2025,June,6,Rensselaer,15891,8630,3022866,3462,12429
2025,June,6,Albany,31863,18363,6328545,7530,24333
2025,June,6,Allegany,5238,3072,904587,1062,4176
2025,June,6,Broome,26568,15475,5104486,7013,19555
2025,June,6,Cattaraugus,10461,6007,1834053,2484,7977
2025,June,6,Cayuga,8577,4989,1565091,1912,6665
2025,June,6,Chautauqua,23438,13209,4418377,6121,17317
2025,June,6,Chemung,14163,8103,2763503,2741,11422
2025,June,6,Chenango,6637,3885,1160197,1161,5476
2025,June,6,Clinton,11800,7399,2217051,2869,8931
2025,June,6,Columbia,5133,3284,956648,1210,3923
2025,June,6,Cortland,5537,3328,1043725,1099,4438
2025,June,6,Delaware,4730,2802,826880,777,3953
2025,June,6,Dutchess,17190,11177,3442454,3741,13449
2025,June,6,Erie,140925,78265,27873054,33152,107773
2025,June,6,Essex,3004,1903,531510,586,2418
2025,June,6,Franklin,6717,4040,1251230,1721,4996
2025,June,6,Fulton,8091,4944,1541041,1803,6288
2025,June,6,Genesee,4727,2929,821384,874,3853
2025,June,6,Greene,3972,2553,779718,871,3101
2025,June,6,Hamilton,349,201,58586,43,306
2025,June,6,Herkimer,9052,5246,1634601,1237,7815
2025,June,6,Jefferson,14215,8113,2633293,2574,11641
2025,June,6,Lewis,2816,1620,453887,430,2386
2025,June,6,Livingston,5219,3182,944032,1142,4077
2025,June,6,Madison,6276,3679,1165609,986,5290
2025,June,6,Monroe,107583,62800,21875225,27846,79737
2025,June,6,Montgomery,8259,4509,1539951,1688,6571
2025,June,6,Nassau,43832,31667,8577333,14157,29675
2025,June,6,Niagara,26956,16127,5147787,5427,21529
2025,June,6,Oneida,36451,19652,7266300,8539,27912
2025,June,6,Onondaga,65454,36632,12891475,17768,47686
2025,June,6,Ontario,9172,5677,1716595,2084,7088
2025,June,6,Orange,44821,19360,8420420,6393,38428
2025,June,6,Orleans,5216,3105,918650,1234,3982
2025,June,6,Oswego,16913,9360,3108480,3339,13574
2025,June,6,Otsego,6654,3901,1198263,947,5707
2025,June,6,Putnam,2900,1992,572977,544,2356
2025,June,6,Rockland,53493,18749,10237005,3805,49688
2025,June,6,St. Lawrence,13522,7878,2510014,3098,10424
2025,June,6,Saratoga,14503,8963,2656691,2007,12496
2025,June,6,Schenectady,21268,11673,4248553,5083,16185
2025,June,6,Schoharie,3787,2223,678525,536,3251
2025,June,6,Schuyler,1822,1127,313693,285,1537
2025,June,6,Seneca,3500,2043,623391,730,2770
2025,June,6,Steuben,12166,6801,2122919,2594,9572
2025,June,6,Suffolk,126197,79484,27388681,20650,105547
2025,June,6,Sullivan,12970,6536,2612637,2095,10875
2025,June,6,Tioga,5173,2826,836568,821,4352
2025,June,6,Tompkins,7548,4736,1497212,1711,5837
2025,June,6,Ulster,17201,10874,3459551,3516,13685
2025,June,6,Warren,6848,4254,1272796,1184,5664
2025,June,6,Washington,6764,4022,1201402,1222,5542
2025,June,6,Wayne,8266,5022,1487384,1669,6597
2025,June,6,Westchester,73178,45159,15075732,17008,56170
2025,June,6,Wyoming,2411,1510,401041,544,1867
2025,June,6,Yates,2023,1245,344872,387,1636
2025,June,6,New York City,1796291,1076627,416152707,822177,974114
2025,July,7,Albany,31662,18352,6320865,7582,24080
2025,July,7,Allegany,5175,3061,900150,1068,4107
2025,July,7,Broome,26685,15571,5174238,7141,19544
2025,July,7,Cattaraugus,10459,6015,1839568,2512,7947
2025,July,7,Cayuga,8504,4978,1552073,1913,6591
2025,July,7,Chautauqua,23304,13156,4390832,6149,17155
2025,July,7,Chemung,14055,8065,2757104,2758,11297
2025,July,7,Chenango,6597,3864,1163429,1166,5431
2025,July,7,Clinton,11792,7406,2222606,2883,8909
2025,July,7,Columbia,5091,3279,959675,1196,3895
2025,July,7,Cortland,5470,3298,1038534,1091,4379
2025,July,7,Delaware,4642,2776,815579,769,3873
2025,July,7,Dutchess,17289,11247,3452882,3760,13529
2025,July,7,Erie,140550,78178,27781025,33350,107200
2025,July,7,Essex,2950,1882,529103,577,2373
2025,July,7,Franklin,6646,4026,1250401,1719,4927
2025,July,7,Fulton,7931,4900,1510071,1804,6127
2025,July,7,Genesee,4636,2900,806292,849,3787
2025,July,7,Greene,3951,2544,771197,886,3065
2025,July,7,Hamilton,361,202,57628,40,321
2025,July,7,Herkimer,8886,5198,1596253,1241,7645
2025,July,7,Jefferson,14061,8046,2602914,2539,11522
2025,July,7,Lewis,2730,1609,440967,434,2296
2025,July,7,Livingston,5116,3137,928260,1167,3949
2025,July,7,Madison,6224,3666,1148629,999,5225
2025,July,7,Monroe,106801,62476,21755029,27764,79037
2025,July,7,Montgomery,8125,4438,1507834,1676,6449
2025,July,7,Nassau,43404,31545,8506116,14121,29283
2025,July,7,Niagara,26934,16129,5160677,5434,21500
2025,July,7,Oneida,36497,19721,7070827,8530,27967
2025,July,7,Onondaga,65109,36557,12833887,17606,47503
2025,July,7,Ontario,9206,5675,1732610,2132,7074
2025,July,7,Orange,44578,19296,8390354,6345,38233
2025,July,7,Orleans,5146,3064,914923,1212,3934
2025,July,7,Oswego,16671,9252,3063372,3400,13271
2025,July,7,Otsego,6616,3886,1192691,927,5689
2025,July,7,Putnam,2933,2018,600152,542,2391
2025,July,7,Rensselaer,15887,8643,3042403,3471,12416
2025,July,7,Rockland,54082,18921,10433669,3902,50180
2025,July,7,St. Lawrence,13374,7798,2487507,3067,10307
2025,July,7,Saratoga,14288,8917,2639204,2025,12263
2025,July,7,Schenectady,21615,11799,4328930,5028,16587
2025,July,7,Schoharie,3688,2203,672796,538,3150
2025,July,7,Schuyler,1756,1108,305722,292,1464
2025,July,7,Seneca,3556,2061,633936,742,2814
2025,July,7,Steuben,12051,6777,2102485,2627,9424
2025,July,7,Suffolk,124604,78939,27087700,20793,103811
2025,July,7,Sullivan,12809,6445,2576252,2099,10710
2025,July,7,Tioga,5091,2795,834168,809,4282
2025,July,7,Tompkins,7471,4700,1479883,1727,5744
2025,July,7,New York City,1787477,1072314,416100336,821440,966037
2025,July,7,Ulster,16916,10768,3439576,3529,13387
2025,July,7,Warren,6789,4215,1261558,1181,5608
2025,July,7,Washington,6693,3988,1183060,1204,5489
2025,July,7,Wayne,8229,5016,1465398,1645,6584
2025,July,7,Westchester,72827,45008,15043873,16984,55843
2025,July,7,Wyoming,2431,1509,404012,544,1887
2025,July,7,Yates,2092,1274,354860,391,1701
2025,August,8,Chenango,6444,3829,1136672,1169,5275
2025,August,8,New York City,1775169,1065845,412582344,817091,958078
2025,August,8,Yates,2028,1246,342273,382,1646
2025,August,8,Wyoming,2431,1493,396233,522,1909
2025,August,8,Westchester,72262,44660,14838638,16953,55309
2025,August,8,Wayne,8142,4979,1448564,1626,6516
2025,August,8,Washington,6608,3956,1169140,1187,5421
2025,August,8,Warren,6640,4150,1229055,1164,5476
2025,August,8,Ulster,16666,10618,3377661,3470,13196
2025,August,8,Tompkins,7471,4698,1477603,1711,5760
2025,August,8,Tioga,4995,2763,814320,786,4209
2025,August,8,Sullivan,12696,6420,2528364,2130,10566
2025,August,8,Suffolk,122755,77791,26566809,20661,102094
2025,August,8,Steuben,11807,6691,2063809,2610,9197
2025,August,8,Seneca,3453,2024,609856,764,2689
2025,August,8,Schuyler,1742,1096,304685,292,1450
2025,August,8,Schoharie,3673,2187,663509,533,3140
2025,August,8,Schenectady,21698,11815,4323881,5027,16671
2025,August,8,Saratoga,14105,8852,2608335,2025,12080
2025,August,8,St. Lawrence,13281,7752,2460900,3023,10258
2025,August,8,Rockland,54187,18891,10389611,3873,50314
2025,August,8,Rensselaer,15850,8585,3015984,3434,12416
2025,August,8,Putnam,2867,1985,577559,540,2327
2025,August,8,Otsego,6464,3812,1173538,928,5536
2025,August,8,Oswego,16545,9176,3043155,3357,13188
2025,August,8,Orleans,5081,3026,907284,1202,3879
2025,August,8,Orange,44326,19074,8331145,6357,37969
2025,August,8,Ontario,9060,5628,1706403,2138,6922
2025,August,8,Onondaga,64376,36100,12636838,17405,46971
2025,August,8,Oneida,36249,19655,6974808,8474,27775
2025,August,8,Niagara,26641,15996,5092692,5440,21201
2025,August,8,Nassau,42900,31139,8383351,13961,28939
2025,August,8,Montgomery,8152,4444,1509235,1681,6471
2025,August,8,Monroe,105624,61945,21484314,27484,78140
2025,August,8,Madison,6183,3646,1116505,983,5200
2025,August,8,Livingston,5109,3124,921551,1156,3953
2025,August,8,Lewis,2720,1600,442063,429,2291
2025,August,8,Jefferson,13858,7932,2564633,2519,11339
2025,August,8,Herkimer,8781,5154,1579157,1261,7520
2025,August,8,Hamilton,346,199,56049,41,305
2025,August,8,Greene,3907,2518,764006,888,3019
2025,August,8,Genesee,4679,2904,817396,854,3825
2025,August,8,Fulton,7879,4857,1491610,1788,6091
2025,August,8,Franklin,6564,3999,1232052,1696,4868
2025,August,8,Essex,2919,1864,516880,564,2355
2025,August,8,Erie,139597,77561,27514926,33266,106331
2025,August,8,Dutchess,17107,11166,3371233,3752,13355
2025,August,8,Delaware,4643,2777,811147,754,3889
2025,August,8,Cortland,5449,3306,1031979,1067,4382
2025,August,8,Columbia,5085,3266,967552,1185,3900
2025,August,8,Clinton,11597,7297,2171396,2846,8751
2025,August,8,Chemung,13953,8024,2737652,2725,11228
2025,August,8,Chautauqua,23148,13099,4367593,6171,16977
2025,August,8,Cayuga,8359,4912,1523862,1913,6446
2025,August,8,Cattaraugus,10359,5980,1820518,2478,7881
2025,August,8,Broome,26636,15456,5123894,7001,19635
2025,August,8,Allegany,5089,3042,894989,1065,4024
2025,August,8,Albany,31539,18238,6268155,7479,24060
2025,September,9,Yates,1966,1230,333872,379,1587
2025,September,9,Albany,31290,18082,6196860,7500,23790
2025,September,9,Allegany,5071,3020,889887,1065,4006
2025,September,9,Broome,26467,15405,5064120,7054,19413
2025,September,9,Cattaraugus,10236,5925,1801123,2463,7773
2025,September,9,Cayuga,8313,4897,1508156,1911,6402
2025,September,9,Chautauqua,23011,13081,4323875,6216,16795
2025,September,9,Chemung,13957,8010,2726672,2659,11298
2025,September,9,Chenango,6430,3813,1124745,1152,5278
2025,September,9,Clinton,11530,7276,2147778,2873,8657
2025,September,9,Columbia,4980,3218,937735,1193,3787
2025,September,9,Cortland,5460,3296,1029913,1081,4379
2025,September,9,Delaware,4562,2747,803755,754,3808
2025,September,9,Dutchess,17038,11180,3355960,3713,13325
2025,September,9,Erie,138715,77274,27325644,33358,105357
2025,September,9,New York City,1777892,1068466,412761582,820222,957670
2025,September,9,Essex,2911,1847,513176,570,2341
2025,September,9,Franklin,6458,3959,1207912,1665,4793
2025,September,9,Fulton,7910,4875,1506741,1808,6102
2025,September,9,Genesee,4546,2853,784618,850,3696
2025,September,9,Greene,3887,2503,763652,884,3003
2025,September,9,Hamilton,328,196,51942,46,282
2025,September,9,Herkimer,8747,5129,1569115,1250,7497
2025,September,9,Jefferson,13638,7844,2528921,2489,11149
2025,September,9,Lewis,2678,1578,428038,418,2260
2025,September,9,Livingston,5064,3113,918166,1153,3911
2025,September,9,Madison,6123,3632,1102555,984,5139
2025,September,9,Monroe,104545,61363,21240774,27274,77271
2025,September,9,Montgomery,8028,4413,1492533,1675,6353
2025,September,9,Nassau,42612,30996,8327233,13975,28637
2025,September,9,Niagara,26488,15961,5051040,5443,21045
2025,September,9,Oneida,35759,19504,6870382,8370,27389
2025,September,9,Onondaga,64126,36029,12566425,17330,46796
2025,September,9,Ontario,9015,5625,1698853,2122,6893
2025,September,9,Orange,44360,19013,8284005,6284,38076
2025,September,9,Orleans,4984,2981,887350,1221,3763
2025,September,9,Oswego,16352,9120,3000102,3316,13036
2025,September,9,Otsego,6430,3816,1167232,944,5486
2025,September,9,Putnam,2851,1979,571112,542,2309
2025,September,9,Rensselaer,15721,8536,3011473,3385,12336
2025,September,9,Rockland,54079,18829,10286384,3869,50210
2025,September,9,St. Lawrence,13086,7683,2417224,3033,10053
2025,September,9,Saratoga,14031,8806,2604252,2058,11973
2025,September,9,Schenectady,21790,11855,4336337,5040,16750
2025,September,9,Schoharie,3611,2165,649878,530,3081
2025,September,9,Schuyler,1684,1076,294994,276,1408
2025,September,9,Seneca,3445,2007,608778,769,2676
2025,September,9,Steuben,11692,6654,2041634,2615,9077
2025,September,9,Suffolk,120975,76951,26112188,20672,100303
2025,September,9,Sullivan,12652,6382,2524363,2155,10497
2025,September,9,Tioga,4987,2764,811746,784,4203
2025,September,9,Tompkins,7422,4669,1466293,1656,5766
2025,September,9,Ulster,16457,10549,3331403,3529,12928
2025,September,9,Warren,6557,4110,1208005,1147,5410
2025,September,9,Washington,6553,3924,1159917,1161,5392
2025,September,9,Wayne,8112,4962,1432979,1592,6520
2025,September,9,Westchester,71781,44538,14787231,16885,54896
2025,September,9,Wyoming,2460,1510,407125,512,1948
2026,January,1,Schuyler,1679,1073,301963,289,1390
2026,January,1,Albany,29701,17344,5976879,7470,22231
2026,January,1,Allegany,5019,2980,875117,1056,3963
2026,January,1,Broome,25473,15044,4910529,6917,18556
2026,January,1,Cattaraugus,9915,5781,1773563,2375,7540
2026,January,1,Cayuga,7979,4745,1451582,1856,6123
2026,January,1,Chautauqua,22639,12897,4336894,6196,16443
2026,January,1,Chemung,13205,7618,2571416,2559,10646
2026,January,1,Chenango,6329,3757,1128469,1145,5184
2026,January,1,Clinton,11154,7125,2132672,2789,8365
2026,January,1,Columbia,4832,3207,926793,1141,3691
2026,January,1,Cortland,5305,3201,1007764,1071,4234
2026,January,1,Delaware,4528,2734,798856,732,3796
2026,January,1,Dutchess,16649,10974,3258701,3677,12972
2026,January,1,Erie,134094,75286,26844930,33064,101030
2026,January,1,Essex,2870,1817,505694,559,2311
2026,January,1,Franklin,6295,3863,1181611,1587,4708
2026,January,1,Fulton,7550,4706,1436191,1767,5783
2026,January,1,Genesee,4393,2768,782378,855,3538
2026,January,1,Greene,3740,2436,752257,897,2843
2026,January,1,Hamilton,323,197,51647,50,273
2026,January,1,Herkimer,8525,5004,1552534,1231,7294
2026,January,1,Jefferson,13240,7686,2542368,2532,10708
2026,January,1,Lewis,2600,1528,423553,386,2214
2026,January,1,Livingston,4752,2992,871872,1145,3607
2026,January,1,Madison,5764,3505,1060700,955,4809
2026,January,1,Monroe,99483,58948,20552605,26105,73378
2026,January,1,Montgomery,7739,4292,1451083,1624,6115
2026,January,1,Nassau,41149,30199,8158782,13716,27433
2026,January,1,Niagara,25633,15520,4926983,5406,20227
2026,January,1,Oneida,34319,18902,6758022,8341,25978
2026,January,1,Onondaga,61527,34704,12235261,16927,44600
2026,January,1,Ontario,9091,5689,1726637,2111,6980
2026,January,1,Orange,43478,18466,8158909,6248,37230
2026,January,1,Orleans,4869,2957,875098,1244,3625
2026,January,1,Oswego,16256,9084,3013154,3056,13200
2026,January,1,Otsego,6368,3791,1199210,915,5453
2026,January,1,Putnam,2762,1928,561807,542,2220
2026,January,1,Rensselaer,15232,8301,2942535,3368,11864
2026,January,1,Rockland,50698,17523,10093568,3759,46939
2026,January,1,St. Lawrence,12710,7521,2428907,3015,9695
2026,January,1,Saratoga,13503,8560,2520288,2071,11432
2026,January,1,Schenectady,20786,11404,4165476,4958,15828
2026,January,1,Schoharie,3583,2154,636256,552,3031
2026,January,1,Seneca,3391,1969,599929,735,2656
2026,January,1,Steuben,11376,6515,1975554,2645,8731
2026,January,1,Suffolk,119912,76385,26154576,20186,99726
2026,January,1,Sullivan,12369,6220,2577120,2098,10271
2026,January,1,Tioga,4853,2692,805535,758,4095
2026,January,1,Tompkins,7159,4567,1427012,1611,5548
2026,January,1,Ulster,15666,10109,3220533,3512,12154
2026,January,1,Warren,6489,4053,1191752,1152,5337
2026,January,1,Washington,6602,3931,1166686,1085,5517
2026,January,1,Wayne,7545,4745,1379161,1528,6017
2026,January,1,Westchester,69095,43382,14454686,16536,52559
2026,January,1,Wyoming,2540,1545,422215,505,2035
2026,January,1,Yates,1948,1209,328879,351,1597
2026,January,1,New York City,1716384,1035111,406983964,802491,913893
2026,February,2,Albany,29318,17153,5859025,7428,21890
2026,February,2,Allegany,5009,2973,876751,1050,3959
2026,February,2,Broome,25407,14988,4875794,6878,18529
2026,February,2,Cattaraugus,9915,5804,1761596,2368,7547
2026,February,2,Cayuga,7976,4727,1454697,1862,6114
2026,February,2,Chautauqua,22653,12915,4317074,6208,16445
2026,February,2,Chemung,13177,7581,2568604,2516,10661
2026,February,2,Chenango,6281,3730,1103353,1151,5130
2026,February,2,Clinton,11014,7040,2105139,2741,8273
2026,February,2,Columbia,4803,3180,904725,1142,3661
2026,February,2,Cortland,5356,3204,1027220,1064,4292
2026,February,2,Delaware,4439,2692,784256,731,3708
2026,February,2,Dutchess,16507,10899,3191673,3603,12904
2026,February,2,Erie,132985,74800,26537366,32883,100102
2026,February,2,Essex,2828,1797,494505,552,2276
2026,February,2,Franklin,6389,3901,1183399,1612,4777
2026,February,2,Fulton,7578,4696,1454562,1756,5822
2026,February,2,Genesee,4382,2773,765091,867,3515
2026,February,2,Greene,3706,2406,753817,890,2816
2026,February,2,Hamilton,328,200,52370,50,278
2026,February,2,Herkimer,8434,4942,1518361,1223,7211
2026,February,2,Jefferson,13184,7679,2528725,2555,10629
2026,February,2,Lewis,2584,1528,417597,385,2199
2026,February,2,Livingston,4824,3013,888368,1165,3659
2026,February,2,Madison,5838,3523,1068636,949,4889
2026,February,2,Monroe,99149,58798,20542976,25985,73164
2026,February,2,Montgomery,7787,4296,1456701,1604,6183
2026,February,2,Nassau,40894,30033,8089987,13629,27265
2026,February,2,Niagara,25656,15543,4932604,5324,20332
2026,February,2,Oneida,34055,18820,6706572,8285,25770
2026,February,2,Onondaga,61378,34679,12254366,16897,44481
2026,February,2,Ontario,9140,5726,1729872,2125,7015
2026,February,2,Orange,42828,18275,8059592,6150,36678
2026,February,2,Orleans,4836,2963,877333,1250,3586
2026,February,2,Oswego,16350,9135,3017246,3084,13266
2026,February,2,Otsego,6345,3805,1183562,936,5409
2026,February,2,Putnam,2736,1918,551476,533,2203
2026,February,2,Rensselaer,15127,8253,2916768,3308,11819
2026,February,2,Rockland,50454,17325,10076762,3743,46711
2026,February,2,St. Lawrence,12611,7479,2404322,2988,9623
2026,February,2,Saratoga,13364,8458,2459503,2095,11269
2026,February,2,Schenectady,20544,11288,4096572,4929,15615
2026,February,2,Schoharie,3588,2172,635431,548,3040
2026,February,2,Schuyler,1692,1072,300790,288,1404
2026,February,2,Seneca,3327,1947,587631,700,2627
2026,February,2,Steuben,11405,6504,1972406,2641,8764
2026,February,2,Suffolk,117734,75255,25626885,19941,97793
2026,February,2,Sullivan,12213,6158,2528636,2082,10131
2026,February,2,Tioga,4837,2685,791523,753,4084
2026,February,2,Tompkins,7144,4557,1425274,1627,5517
2026,February,2,Ulster,15579,10048,3206172,3494,12085
2026,February,2,Warren,6453,4046,1177700,1149,5304
2026,February,2,Washington,6620,3934,1176687,1063,5557
2026,February,2,Wayne,7507,4713,1376837,1527,5980
2026,February,2,Westchester,68087,42950,14173555,16351,51736
2026,February,2,Wyoming,2548,1559,422071,503,2045
2026,February,2,Yates,1928,1211,325909,357,1571
2026,February,2,New York City,1701491,1027485,403033913,799945,901546
2026,March,3,Albany,29367,17171,5879955,7429,21938
2026,March,3,Allegany,5010,2986,881577,1064,3946
2026,March,3,Broome,25384,15022,4872391,6953,18431
2026,March,3,Cattaraugus,9940,5835,1767522,2371,7569
2026,March,3,Cayuga,8056,4752,1454137,1845,6211
2026,March,3,Chautauqua,22686,12935,4308495,6220,16466
2026,March,3,Chemung,13127,7598,2560237,2549,10578
2026,March,3,Chenango,6281,3723,1104180,1142,5139
2026,March,3,Clinton,10962,7032,2087903,2742,8220
2026,March,3,Columbia,4824,3192,907476,1151,3673
2026,March,3,Cortland,5341,3213,1024611,1087,4254
2026,March,3,Delaware,4470,2704,781575,732,3738
2026,March,3,Dutchess,16667,11023,3243397,3665,13002
2026,March,3,Erie,132933,74880,26706152,32542,100391
2026,March,3,Essex,2754,1774,485958,541,2213
2026,March,3,Franklin,6386,3907,1183507,1608,4778
2026,March,3,Fulton,7555,4714,1433968,1772,5783
2026,March,3,Genesee,4420,2788,780664,872,3548
2026,March,3,Greene,3782,2459,782055,920,2862
2026,March,3,Hamilton,335,204,54380,54,281
2026,March,3,Herkimer,8375,4939,1518345,1207,7168
2026,March,3,Jefferson,13292,7733,2575067,2581,10711
2026,March,3,Lewis,2584,1527,415048,393,2191
2026,March,3,Livingston,4809,3006,880573,1167,3642
2026,March,3,Madison,5866,3529,1066408,946,4920
2026,March,3,Monroe,99423,58971,20581180,25857,73566
2026,March,3,Montgomery,7759,4315,1452417,1598,6161
2026,March,3,Nassau,41058,30171,8164410,13686,27372
2026,March,3,Niagara,25625,15528,4925183,5276,20349
2026,March,3,Oneida,34266,18940,6754159,8332,25934
2026,March,3,Onondaga,61776,34817,12340694,16811,44965
2026,March,3,Ontario,9278,5806,1746293,2098,7180
2026,March,3,Orange,43752,18569,8292446,6244,37508
2026,March,3,Orleans,4856,2971,882560,1235,3621
2026,March,3,Oswego,16206,9110,3029740,3101,13105
2026,March,3,Otsego,6438,3863,1209589,972,5466
2026,March,3,Putnam,2825,1959,573650,538,2287
2026,March,3,Rensselaer,15109,8320,2917254,3375,11734
2026,March,3,Rockland,50338,17254,9980693,3709,46629
2026,March,3,St. Lawrence,12713,7572,2446792,3017,9696
2026,March,3,Saratoga,13347,8454,2451140,2088,11259
2026,March,3,Schenectady,20155,11219,4030316,4891,15264
2026,March,3,Schoharie,3573,2163,627377,536,3037
2026,March,3,Schuyler,1709,1081,303365,286,1423
2026,March,3,Seneca,3267,1940,580542,719,2548
2026,March,3,Steuben,11397,6522,1984719,2682,8715
2026,March,3,Suffolk,117020,74976,25592682,19951,97069
2026,March,3,Sullivan,12428,6262,2566358,2131,10297
2026,March,3,Tioga,4884,2698,805218,737,4147
2026,March,3,Tompkins,7209,4587,1427155,1611,5598
2026,March,3,Ulster,15685,10159,3215437,3542,12143
2026,March,3,Warren,6543,4089,1204072,1163,5380
2026,March,3,Washington,6519,3902,1164666,1056,5463
2026,March,3,Wayne,7483,4718,1381914,1532,5951
2026,March,3,Westchester,67923,42936,14175403,16303,51620
2026,March,3,Wyoming,2577,1581,429190,524,2053
2026,March,3,Yates,1892,1198,319162,350,1542
2026,March,3,New York City,1703098,1028269,403084912,798646,904452
